surveillance,arm,lam,n,n_seeds,avg_colonoscopies_per_person,crc_death_per_100k,incidence_per_100k,screen_detected_per_100k,symptom_detected_per_100k,surveillance_detected_per_100k,life_years,life_years_disc3pct,avg_colonoscopies_per_person_sem,crc_death_per_100k_sem,incidence_per_100k_sem,screen_detected_per_100k_sem,symptom_detected_per_100k_sem,surveillance_detected_per_100k_sem,life_years_sem,life_years_disc3pct_sem,cost_per_person_usd,cost_per_person_disc3pct_usd,screening_colo_total,followup_colo_total,symptom_colo_total,high_risk_avg_colonoscopies_per_person,high_risk_crc_death_per_100k,high_risk_incidence_per_100k,high_risk_screen_detected_per_100k,high_risk_symptom_detected_per_100k,high_risk_surveillance_detected_per_100k,high_risk_life_years,high_risk_life_years_disc3pct,low_risk_avg_colonoscopies_per_person,low_risk_crc_death_per_100k,low_risk_incidence_per_100k,low_risk_screen_detected_per_100k,low_risk_symptom_detected_per_100k,low_risk_surveillance_detected_per_100k,low_risk_life_years,low_risk_life_years_disc3pct
nosurv,no_screen,,200000,3,0.04967666666666667,1912.8333333333333,4721.333333333333,0.0,4721.333333333333,0.0,37.079444583333334,21.720159049122646,0.0006004535322940845,35.9099955134747,63.75757035660767,0.0,63.75757035660767,0.0,0.010849675070339099,0.004406845562573622,2759.2742137500004,1023.797133851681,0.0,0.0,9935.333333333334,0.13510649051868315,5230.545226494364,12853.117069431799,0.0,12853.117069431799,0.0,36.535593399652086,21.53612724146211,0.02814744538299685,1076.7378455913035,2672.0107713179223,0.0,2672.0107713179223,0.0,37.216523926617604,21.766545147088806
nosurv,policy,-0.008,200000,3,5.204128333333333,690.0,2008.8333333333333,699.6666666666666,1309.1666666666667,0.0,37.2471725,21.77439619288127,0.0030978088134105903,3.7527767497325675,10.084366338270563,14.051492605571994,18.49849843756094,0.0,0.013121191292620139,0.0023825373871869324,7362.30836875,3833.341082973897,1038069.3333333334,0.0,2756.3333333333335,10.191807831476803,967.0885372296503,2996.530283635812,1258.4371882338057,1738.0930954020066,0.0,37.13671987109594,21.72696453781694,3.9471681942283876,620.1589207581497,1759.9065078886897,558.8177228169995,1201.0887850716904,0.0,37.2749494600536,21.78633106710502
nosurv,policy,-0.006,200000,3,4.445093333333333,735.8333333333334,2094.3333333333335,636.1666666666666,1458.1666666666667,0.0,37.21998875,21.764043417417724,0.0038631898880474996,5.364492313143694,5.449260908090605,7.881060278357927,9.976360948651456,0.0,0.0060969681246106555,0.0012518123035979434,6510.414172916666,3441.7883679968686,885942.6666666666,0.0,3076.0,9.287042424683234,1038.2348804242226,3145.4990738617926,1300.7954061010623,1844.703667760731,0.0,37.17010753783012,21.743831875948654,3.2248585461418457,659.5997938568358,1829.385178259027,468.67405423649035,1360.7111240225365,0.0,37.2325037621272,21.769118395038916
nosurv,policy,-0.004,200000,3,3.25466,817.5,2288.1666666666665,587.0,1701.1666666666667,0.0,37.24530791666667,21.77581480661775,0.00028155816450602485,10.774197572595991,26.034165586355517,12.741009902410928,22.363164156959346,0.0,0.012445216122680814,0.004700006570091839,5204.413391666666,2607.3445497214934,647343.3333333334,0.0,3588.6666666666665,8.074259526157281,1092.1159479707276,3376.417076337824,1275.0184542864554,2101.3986220513684,0.0,37.120273068053976,21.7271469776456,2.0400699411231167,748.2926013816799,2013.8690391453267,413.5799226784508,1600.289116466876,0.0,37.27681393877817,21.78807969302865
nosurv,policy,-0.003,200000,3,3.0914966666666666,829.5,2296.0,577.5,1718.5,0.0,37.23220375,21.77009937768376,0.0014306010780242397,15.256146302392342,2.179449471770337,8.04673846971554,9.987492177718964,0.0,0.012604995558143978,0.002709939758061174,5025.243899583333,2522.3196531124736,614665.6666666666,0.0,3633.6666666666665,7.27164508411758,1137.697618146217,3475.138420004125,1338.7784402418267,2136.3599797622974,0.0,37.11186766732532,21.725011010643797,2.038049929065163,751.8446056391758,1998.8311363409778,385.6184250341035,1613.2127113068743,0.0,37.2625117863372,21.781456083692557
nosurv,policy,-0.002,200000,3,2.6908933333333334,834.8333333333334,2342.8333333333335,619.6666666666666,1723.1666666666667,0.0,37.1994125,21.759482505755575,0.0009189864586114137,10.529060314724752,24.376103963604287,19.866918342924865,15.34419904864524,0.0,0.01270515938506874,0.004971501788268012,4571.02893125,2216.9050113680405,534549.0,0.0,3629.6666666666665,7.113464123640366,1161.6838512082247,3591.8821385227507,1429.9948752184462,2161.8872633043043,0.0,37.099412372258975,21.72500271502484,1.5763563659151438,752.459776629445,2028.0441990678257,415.469787378449,1612.5744116893766,0.0,37.224620226384324,21.768174798497416
nosurv,policy,-0.001,200000,3,2.614785,863.6666666666666,2365.1666666666665,594.1666666666666,1771.0,0.0,37.239657916666665,21.774228032057625,0.0017695856388807425,5.946520924970356,18.930428180870905,1.6414763002993509,18.86133611386007,0.0,0.015522496650244643,0.008251278697821418,4494.961225416667,2167.732555482548,519221.6666666667,0.0,3735.3333333333335,6.865174175588602,1132.7413720860493,3495.1468374912597,1371.225180598165,2123.9216568930947,0.0,37.187108343896014,21.75323165344904,1.5436441897457802,795.8604023310809,2080.4419233568565,398.3490568899178,1682.092866466939,0.0,37.25293078395939,21.77952938554976
nosurv,policy,0.0,200000,3,2.6076116666666667,867.5,2416.0,593.3333333333334,1822.6666666666667,0.0,37.23454958333333,21.77138636656851,0.0024967150640612993,15.782374134880131,5.507570547286102,5.674014843516401,5.085382100797528,0.0,0.0008615660200708767,0.0019062379589405841,4502.03574125,2182.6343285236276,517686.3333333333,0.0,3836.0,7.0640830387296125,1152.7091581065695,3641.769921753939,1420.0817083622171,2221.688213391722,0.0,37.09583644620472,21.718998578139747,1.4845305411840375,795.6509397415467,2107.144366940994,384.991139340679,1722.1532276003147,0.0,37.26951374965396,21.784590207695896
nosurv,policy,0.002,200000,3,2.196301666666667,900.3333333333334,2467.5,542.5,1925.0,0.0,37.212767916666664,21.765032636129103,0.0006632265408173457,8.58454683978398,19.37997248020062,7.910962857537212,13.250786140200601,0.0,0.02460210528691756,0.01030949341763166,4049.724583333333,1950.2613637057357,435202.3333333333,0.0,4058.0,6.4736369589190055,1194.859150604817,3623.4641029978907,1390.2775611528775,2233.186541845014,0.0,37.1537443313065,21.741028799597345,1.1183614762648575,826.11406398789,2176.1912610151317,328.8570846182088,1847.3341763969229,0.0,37.22760486699763,21.77106564965294
nosurv,policy,0.005,200000,3,1.8499416666666668,956.5,2566.8333333333335,472.1666666666667,2094.6666666666665,0.0,37.20372166666667,21.763029003258524,0.002033765664420987,12.8290035986172,26.558635339774355,14.213647588771089,33.54391814389673,0.0,0.005382516127342773,0.0037591829979364355,3688.987549583333,1774.4845139759711,365567.0,0.0,4421.333333333333,5.751654223809858,1362.9164943335165,3986.7918532633644,1344.538328428668,2642.253524834696,0.0,37.088223522023185,21.719646557180784,0.8666624306610514,854.0716351980465,2208.9457522115154,252.2826356144951,1956.6631165970205,0.0,37.23278336560646,21.77394453691075
nosurv,policy,0.01,200000,3,1.716965,1033.5,2671.3333333333335,425.6666666666667,2245.6666666666665,0.0,37.20203291666667,21.763139888766545,0.0017057940477482618,15.898113095584684,42.08754104377103,15.63205396328682,28.759539480163994,0.0,0.014077284179168545,0.004195865573957719,3569.6195608333333,1724.4739282393305,338643.0,0.0,4750.0,5.097869005662634,1677.5460908206326,4439.602806425748,1123.55463659699,3316.0481698287585,0.0,37.04101791252505,21.708034151006412,0.8649395903536029,871.1927065259596,2225.681056465106,249.78640508080784,1975.8946513842982,0.0,37.24260134984926,21.777023737979633
nosurv,q10y,,200000,3,2.60714,1025.5,2695.0,503.3333333333333,2191.6666666666665,0.0,37.189110416666665,21.7554565122221,0.0003454345089882086,12.00347172002056,4.932882862316247,5.449260908090584,8.115485882626567,0.0,0.015347385471100422,0.00433478807178259,4613.121474583334,2348.4431480011885,516832.0,0.0,4596.0,2.6264803393691136,2308.378352836529,5969.066769149762,1216.5005556118583,4752.566213537903,0.0,36.9899624102666,21.683855083137633,2.60226483252976,702.1704577681339,1869.8739274066563,323.6491628984681,1546.224764508188,0.0,37.23927720147657,21.77349524895892
nosurv,q5y,,200000,3,5.020440000000001,795.3333333333334,2245.6666666666665,743.8333333333334,1501.8333333333333,0.0,37.22475166666667,21.765613035778983,0.0019257812267580107,10.592187896957117,22.585639488646567,8.574833979604374,14.024779657607619,0.0,0.014455777866142492,0.006634319927769652,7246.9317808333335,3699.0430688399597,1000928.0,0.0,3160.0,5.022132307046291,1588.1311828987943,4375.977009345275,1386.9949008435515,2988.982108501723,0.0,37.04994880979741,21.701479000796855,5.020017222001335,595.5398194847146,1708.7763821357419,581.7700877720144,1127.0062943637274,0.0,37.26885024036026,21.781792079633032
surv,no_screen,,200000,3,0.16651000000000002,1819.5,4552.833333333333,0.0,4518.666666666667,34.166666666666664,37.12571166666667,21.740716062553812,0.0003344522885754204,2.598076211353316,7.8013531589789675,0.0,8.96908269804914,2.803767306876788,0.008524981559528832,0.0035171786056661025,2797.819191666667,1041.9976758410337,0.0,23824.0,9478.0,0.4751692985128086,4814.874586523684,12256.298468949986,0.0,12131.266126874058,125.03234207592737,36.689105603335435,21.593111096553567,0.08872615051584348,1064.6253846424397,2611.49026148659,0.0,2600.220264447615,11.269997038974408,37.235731457055,21.777908117529506
surv,policy,-0.008,200000,3,5.584915,604.3333333333334,1917.8333333333333,607.3333333333334,1105.5,205.0,37.27224833333334,21.785067618351984,0.005088274101631417,6.610177338350648,10.465551957626445,12.228155125683424,9.013878188659973,9.096702699330127,0.016173590940902413,0.007625535121198314,7801.754786666667,4003.456907598015,971420.0,143229.33333333334,2333.6666666666665,11.15708268270564,738.6625566356853,2599.9512052548466,881.8043802288216,1073.8289421572779,644.3178828687466,37.20624260137919,21.755129747595742,4.180668970280222,570.4985206083569,1745.9360870591133,538.1620154254044,1113.4565277319484,94.31754390176054,37.28888249710405,21.792611419524615
surv,policy,-0.006,200000,3,4.858486666666667,679.6666666666666,2006.1666666666667,549.1666666666666,1254.6666666666667,202.33333333333334,37.26772166666667,21.786131417500787,0.0028399153938885174,14.777046765545244,6.193634725354091,6.930207628763931,13.172994260143659,5.629781918018179,0.011451192494612038,0.006689542729551031,6982.798658750001,3619.85131460648,827294.0,141743.0,2660.3333333333335,10.177959070308262,798.1946536514902,2726.6475068200357,883.4752300420442,1172.4281537628237,670.7441230151671,37.1249247033684,21.731783873687736,3.517919808548985,649.7975752830995,1824.6023938848793,464.9164341394109,1275.3834355180763,84.30252422739187,37.30370107981138,21.799826674503773
surv,policy,-0.004,200000,3,3.6449533333333335,754.3333333333334,2152.6666666666665,462.8333333333333,1463.3333333333333,226.5,37.255165833333336,21.782177691151805,0.002271712520935985,2.728450923957483,20.137720272607268,1.9220937657784365,21.095681495931288,3.5,0.006046376727247716,0.004413874063156311,5636.051191666666,2773.0029552023,579840.3333333334,146077.33333333334,3073.0,9.196064027024056,861.9949004698506,2892.343507161016,774.2176072705007,1293.403341831291,824.7225580592236,37.13652497698961,21.74007918069469,2.246019691368509,727.2124138486619,1966.3067347547997,384.3674003488122,1506.1896194726426,75.74971493334482,37.28508456883292,21.79279660307708
surv,policy,-0.003,200000,3,3.5776466666666664,733.6666666666666,2139.0,448.0,1471.0,220.0,37.25956458333333,21.782416216801096,0.0003990231126694959,2.3333333333333335,14.93597446882303,3.968626966596872,12.439855304624729,4.163331998932262,0.004972108473636494,0.005117402859361335,5559.637407916666,2742.0105769205534,560206.6666666666,152216.66666666666,3106.0,8.86655622285918,817.241866463232,2803.7705432397292,728.7171335568831,1276.7874222391847,798.2659874436616,37.1639948787941,21.74632816100458,2.2447910467379586,712.6025324484949,1971.5036398310679,377.27444784497874,1519.9432417157884,74.28595027030102,37.283697455211644,21.79152827622063
surv,policy,-0.002,200000,3,3.182078333333333,757.5,2175.8333333333335,468.8333333333333,1493.6666666666667,213.33333333333334,37.22961166666666,21.77013500995739,0.0031639128376813094,6.048415770541352,4.333333333333334,1.1666666666666814,6.821127309893709,2.728450923957493,0.011279269986288963,0.0042159440468934935,5106.91358625,2441.8452602188536,483095.3333333333,150166.0,3154.3333333333335,8.752075479536849,801.5211541812913,2776.2626544496834,774.1812311500538,1246.080974223277,756.0004490763528,37.14909370801983,21.736902537772178,1.778377288385144,746.4110588956643,2024.5014172966983,391.8790015090458,1556.0421140181563,76.58030176949607,37.249878207664445,21.77850291142194
surv,policy,-0.001,200000,3,3.1027516666666664,764.6666666666666,2191.6666666666665,452.5,1515.1666666666667,224.0,37.255552083333335,21.781684473923775,0.002345339942192736,8.447550598316125,17.407693063062027,8.32165848854662,12.049665739946668,6.383572667401847,0.010191392848595727,0.005204124126543886,5022.04477625,2387.1247477976704,466387.3333333333,150970.66666666666,3192.3333333333335,8.42295910305677,849.6101462953175,2863.217593539588,752.6706720685446,1289.241787624899,821.3051338461446,37.17378791568793,21.751174605289986,1.761998832039674,743.2795422581568,2022.4137022574942,376.8601872846072,1572.1022653570624,73.45124961582468,37.2761337898585,21.78936159761118
surv,policy,0.0,200000,3,3.117528333333333,788.6666666666666,2221.1666666666665,443.6666666666667,1560.1666666666667,217.33333333333334,37.25721416666667,21.781768191512104,0.002716484145197902,9.731107051330037,16.93205375742838,10.24830609309546,6.990072325170256,11.189032328331358,0.008150225403750173,0.0014164744271656512,5063.689351666667,2416.543856170271,472323.6666666667,147892.66666666666,3289.3333333333335,8.586223206767125,837.929666343202,2885.7173914085747,732.0444787593397,1340.54284871612,813.1300639331148,37.22457733167549,21.764919588730233,1.739356772951209,776.2394515068272,2053.70750886619,371.0109365917303,1615.506089237111,67.19048303734874,37.26542470799672,21.786010981466067
surv,policy,0.002,200000,3,2.6799399999999998,816.8333333333334,2281.5,395.1666666666667,1673.0,213.33333333333334,37.286030833333335,21.793232697760384,0.00045003703551307146,6.0850454211762655,2.0207259421636903,1.5898986690282317,7.076957915187315,7.661229956374143,0.007899178699833346,0.005211459276687814,4572.188852083334,2165.4329461818593,385477.3333333333,146976.66666666666,3534.0,7.920254087024985,838.7711707631925,2835.1924111481835,706.3069086465988,1338.936982911496,789.9485195900887,37.222903194401276,21.76896726705104,1.3593265822891762,811.3067129300189,2141.9858159562805,316.7582134454167,1757.2037277885804,68.0238747222834,37.30196072181608,21.79935536438724
surv,policy,0.005,200000,3,2.3572183333333334,852.5,2336.3333333333335,339.8333333333333,1776.3333333333333,220.16666666666666,37.250952500000004,21.780566247025323,0.002685843029251313,13.475286020464738,19.862723322288357,7.189884870040997,12.424214708025296,4.333333333333325,0.012973136025392322,0.006235491972717241,4216.565931666667,2000.2902522999202,323836.6666666667,143862.0,3745.0,7.3606654818888515,940.6006227883175,3062.8299154764404,721.9979996837592,1472.2308268294428,868.6010889632383,37.12814175283791,21.738200277948522,1.0962894871531437,830.299620840547,2153.267708155919,243.51942681024175,1852.9877407116028,56.76054063407438,37.281866378098464,21.791224877569196
surv,policy,0.01,200000,3,2.251485,848.8333333333334,2360.3333333333335,317.1666666666667,1829.6666666666667,213.5,37.27239541666667,21.78705439824805,0.00228007127081588,16.568879798519234,18.430801513890938,2.0275875100994067,9.010795993942105,13.70218960604472,0.013874664904612762,0.0077519393740725666,4093.1133999999997,1951.2327058755357,302991.3333333333,143435.0,3870.6666666666665,6.839382502652749,933.9561669095192,3105.0846123058873,635.1000399620372,1629.4721968434249,840.5123755004255,37.139592588508286,21.735837620470722,1.0952795125419936,827.3780316482454,2172.659659271452,237.0463447931304,1880.1062602939753,55.50705418434626,37.3058126350346,21.799943800364478
surv,q10y,,200000,3,3.124655,823.5,2314.8333333333335,370.6666666666667,1725.5,218.66666666666666,37.276808333333335,21.786894876807725,0.002314027873643762,7.571877794400365,2.1858128414340006,6.978140471819441,8.185352771872427,1.3017082793177923,0.016459179561575315,0.006799017385620263,5079.1442658333335,2556.4083015824003,473637.6666666667,147664.66666666666,3628.6666666666665,4.298011913108174,1338.0771383651484,4069.668123954059,646.7032414305021,2615.671376996399,807.2935055271579,37.14552607819201,21.730494092305623,2.82895784930586,693.8259478655633,1872.5878563247254,301.1064879880257,1501.160830612198,70.32053772450165,37.30990613730034,21.801112796287608
surv,q5y,,200000,3,5.3328766666666665,659.8333333333334,2025.1666666666667,569.8333333333334,1206.3333333333333,249.0,37.25916875,21.78186540322831,0.0010305715781925185,6.691619966628244,7.747759532779667,9.386751893552484,11.741427132640696,5.484827557301445,0.003830669273551584,0.0024638990309848122,7534.274065416666,3799.5640585711094,883318.6666666666,180715.33333333334,2541.3333333333335,6.015129501328488,1054.0532035409612,3451.125301634955,727.7815644239017,1829.1789208612147,894.164816349839,37.09592476681372,21.715622743775402,5.16093221729956,560.4773607679404,1665.7912336316513,530.0099642836607,1049.3933999878984,86.38786936009213,37.30026674248228,21.798544448366556
